{"cameraMode":{"drawMode":0,"name":"Shaded","section":"Shading Mode"},"sceneLighting":false,"audioPlay":false,"sceneViewState":{"showFog":true,"showMaterialUpdate":false,"showSkybox":true,"showFlares":true,"showImageEffects":true,"showParticleSystems":true},"in2DMode":false,"pivot":{"x":5.7706708908081059,"y":5.910285472869873,"z":6.510878562927246},"rotation":{"x":0.011380448937416077,"y":0.008691135793924332,"z":0.00009792987839318812,"w":-0.9998974800109863},"size":103.83150482177735,"orthographic":false}