{"cameraMode":{"drawMode":0,"name":"Shaded","section":"Shading Mode"},"sceneLighting":false,"audioPlay":false,"sceneViewState":{"showFog":true,"showMaterialUpdate":false,"showSkybox":true,"showFlares":true,"showImageEffects":true,"showParticleSystems":true},"in2DMode":false,"pivot":{"x":-4.234615325927734,"y":2.515115737915039,"z":-21.592872619628908},"rotation":{"x":-0.031288109719753268,"y":-0.421983540058136,"z":0.014572598971426487,"w":-0.9059462547302246},"size":6.915125846862793,"orthographic":false}