{"cameraMode":{"drawMode":0,"name":"Shaded","section":"Shading Mode"},"sceneLighting":true,"audioPlay":false,"sceneViewState":{"showFog":true,"showMaterialUpdate":false,"showSkybox":true,"showFlares":true,"showImageEffects":true,"showParticleSystems":true},"in2DMode":false,"pivot":{"x":-4.887825012207031,"y":-13.064973831176758,"z":47.95027542114258},"rotation":{"x":0.16858769953250886,"y":-0.03811616823077202,"z":0.006525726988911629,"w":0.9849278330802918},"size":55.95856857299805,"orthographic":false}