{"cameraMode":{"drawMode":0,"name":"Shaded","section":"Shading Mode"},"sceneLighting":false,"audioPlay":false,"sceneViewState":{"showFog":true,"showMaterialUpdate":false,"showSkybox":true,"showFlares":true,"showImageEffects":true,"showParticleSystems":true},"in2DMode":false,"pivot":{"x":-0.3201643228530884,"y":3.905435562133789,"z":0.08591873943805695},"rotation":{"x":-0.00811390858143568,"y":-0.03479998931288719,"z":0.0002815562766045332,"w":-0.9993613362312317},"size":28.117141723632814,"orthographic":false}