{"cameraMode":{"drawMode":0,"name":"Shaded","section":"Shading Mode"},"sceneLighting":false,"audioPlay":false,"sceneViewState":{"showFog":true,"showMaterialUpdate":false,"showSkybox":true,"showFlares":true,"showImageEffects":true,"showParticleSystems":true},"in2DMode":false,"pivot":{"x":3.1556777954101564,"y":6.278998374938965,"z":-0.08813764154911041},"rotation":{"x":0.011380448937416077,"y":0.008691135793924332,"z":0.00009792987839318812,"w":-0.9998974800109863},"size":62.58561706542969,"orthographic":false}