{"cameraMode":{"drawMode":0,"name":"Shaded","section":"Shading Mode"},"sceneLighting":false,"audioPlay":false,"sceneViewState":{"showFog":true,"showMaterialUpdate":false,"showSkybox":true,"showFlares":true,"showImageEffects":true,"showParticleSystems":true},"in2DMode":false,"pivot":{"x":-12.27264404296875,"y":274.6091613769531,"z":110.18377685546875},"rotation":{"x":-0.03988966718316078,"y":-0.029076626524329187,"z":0.0011612538946792484,"w":-0.9987803101539612},"size":22.0,"orthographic":false}