{"cameraMode":{"drawMode":0,"name":"Shaded","section":"Shading Mode"},"sceneLighting":false,"audioPlay":false,"sceneViewState":{"showFog":true,"showMaterialUpdate":false,"showSkybox":true,"showFlares":true,"showImageEffects":true,"showParticleSystems":true},"in2DMode":false,"pivot":{"x":-18.97890281677246,"y":4.546698570251465,"z":9.777570724487305},"rotation":{"x":0.011380448937416077,"y":0.008691135793924332,"z":0.00009792987839318812,"w":-0.9998974800109863},"size":26.072080612182618,"orthographic":false}