{"cameraMode":{"drawMode":0,"name":"Shaded","section":"Shading Mode"},"sceneLighting":false,"audioPlay":false,"sceneViewState":{"showFog":true,"showMaterialUpdate":false,"showSkybox":true,"showFlares":true,"showImageEffects":true,"showParticleSystems":true},"in2DMode":false,"pivot":{"x":7.908054351806641,"y":3.7741644382476808,"z":-20.30326271057129},"rotation":{"x":0.01769782416522503,"y":-0.6743966937065125,"z":-0.016174476593732835,"w":-0.7379798889160156},"size":11.036153793334961,"orthographic":false}